File;TP;FP;FN;Precision;Recall;F1
p005_c1;31;3;17;0.9117647058823529;0.6458333333333334;0.7560975609756098
p005_c2;15;1;32;0.9375;0.3191489361702128;0.4761904761904763
p006_c1;18;7;18;0.72;0.5;0.5901639344262295
p006_c2;13;2;47;0.8666666666666667;0.21666666666666667;0.3466666666666666
p007_c1;23;4;15;0.8518518518518519;0.6052631578947368;0.7076923076923076
p008_c1;27;4;14;0.8709677419354839;0.6585365853658537;0.75
p009_c1;12;2;37;0.8571428571428571;0.24489795918367346;0.38095238095238093
p010_c1;12;0;11;1.0;0.5217391304347826;0.6857142857142856
p011_c1;26;0;3;1.0;0.896551724137931;0.9454545454545454
p011_c2;50;2;5;0.9615384615384616;0.9090909090909091;0.9345794392523366
p012_c1;17;3;8;0.85;0.68;0.7555555555555556
p012_c2;2;0;31;1.0;0.06060606060606061;0.1142857142857143
p013_c1;9;5;28;0.6428571428571429;0.24324324324324326;0.35294117647058826
p014_c1;19;1;21;0.95;0.475;0.6333333333333334
p015_c1;34;2;20;0.9444444444444444;0.6296296296296297;0.7555555555555556
p016_c1;2;0;35;1.0;0.05405405405405406;0.10256410256410257
p016_c2;0;0;23;0;0.0;0
p017_c1;17;6;35;0.7391304347826086;0.3269230769230769;0.4533333333333333
p017_c2;14;0;0;1.0;1.0;1.0
p018_c1;37;0;29;1.0;0.5606060606060606;0.7184466019417475
p018_c2;1;0;11;1.0;0.08333333333333333;0.15384615384615385
p019_c1;24;1;26;0.96;0.48;0.64
p019_c2;0;1;17;0.0;0.0;0
p020_c1;24;1;28;0.96;0.46153846153846156;0.6233766233766234
p021_c1;34;0;28;1.0;0.5483870967741935;0.7083333333333333
p021_c2;7;0;28;1.0;0.2;0.33333333333333337
p022_c1;3;0;76;1.0;0.0379746835443038;0.07317073170731708
p023_c1;27;2;14;0.9310344827586207;0.6585365853658537;0.7714285714285715
p024_c1;47;4;40;0.9215686274509803;0.5402298850574713;0.6811594202898551
p024_c2;0;0;73;0;0.0;0
p025_c1;46;0;59;1.0;0.4380952380952381;0.609271523178808
p026_c1;36;2;10;0.9473684210526315;0.782608695652174;0.8571428571428571
p026_c2;14;0;22;1.0;0.3888888888888889;0.56
p026_c3;36;1;19;0.972972972972973;0.6545454545454545;0.782608695652174
p027_c1;10;2;7;0.8333333333333334;0.5882352941176471;0.6896551724137931
p027_c2;14;0;8;1.0;0.6363636363636364;0.7777777777777778
p027_c3;24;0;3;1.0;0.8888888888888888;0.9411764705882353
p028_c1;10;3;5;0.7692307692307693;0.6666666666666666;0.7142857142857142
p028_c2;12;1;6;0.9230769230769231;0.6666666666666666;0.7741935483870968
p029_c1;19;4;25;0.8260869565217391;0.4318181818181818;0.5671641791044776
p030_c1;38;2;39;0.95;0.4935064935064935;0.6495726495726496
p031_c1;15;1;78;0.9375;0.16129032258064516;0.27522935779816515
p033_c1;12;2;53;0.8571428571428571;0.18461538461538463;0.3037974683544304
p034_c1;11;4;18;0.7333333333333333;0.3793103448275862;0.5
p034_c2;12;2;10;0.8571428571428571;0.5454545454545454;0.6666666666666665
p034_c3;9;9;13;0.5;0.4090909090909091;0.45
p035_c1;16;6;12;0.7272727272727273;0.5714285714285714;0.64
p035_c2;19;3;24;0.8636363636363636;0.4418604651162791;0.5846153846153846
p036_c1;15;2;57;0.8823529411764706;0.20833333333333334;0.3370786516853933
p036_c2;2;0;11;1.0;0.15384615384615385;0.2666666666666667
p037_c1;29;4;37;0.8787878787878788;0.4393939393939394;0.5858585858585859
p037_c2;13;0;22;1.0;0.37142857142857144;0.5416666666666666
p038_c1;15;24;9;0.38461538461538464;0.625;0.4761904761904762
p039_c1;0;1;67;0.0;0.0;0
p040_c1;17;3;51;0.85;0.25;0.3863636363636363
p042_c1;34;7;7;0.8292682926829268;0.8292682926829268;0.8292682926829268
p042_c2;5;5;7;0.5;0.4166666666666667;0.45454545454545453
p043_c1;44;8;42;0.8461538461538461;0.5116279069767442;0.6376811594202898
p044_c1;45;9;18;0.8333333333333334;0.7142857142857143;0.7692307692307692
p045_c1;26;1;29;0.9629629629629629;0.4727272727272727;0.6341463414634146
p045_c2;33;1;20;0.9705882352941176;0.6226415094339622;0.7586206896551724
p045_c3;16;0;34;1.0;0.32;0.48484848484848486
p046_c1;21;10;22;0.6774193548387096;0.4883720930232558;0.5675675675675677
p047_c1;2;0;46;1.0;0.041666666666666664;0.07999999999999999
p047_c2;4;2;33;0.6666666666666666;0.10810810810810811;0.18604651162790697
p048_c1;10;1;82;0.9090909090909091;0.10869565217391304;0.19417475728155342
p050_c1;35;3;13;0.9210526315789473;0.7291666666666666;0.8139534883720931
p051_c1;10;5;29;0.6666666666666666;0.2564102564102564;0.37037037037037035
p051_c2;2;1;39;0.6666666666666666;0.04878048780487805;0.0909090909090909
p052_c1;21;1;25;0.9545454545454546;0.45652173913043476;0.6176470588235293
p052_c2;15;0;30;1.0;0.3333333333333333;0.5
p053_c1;3;0;71;1.0;0.04054054054054054;0.07792207792207792
p054_c1;32;2;12;0.9411764705882353;0.7272727272727273;0.8205128205128205
p054_c2;27;0;32;1.0;0.4576271186440678;0.627906976744186
p055_c1;28;2;29;0.9333333333333333;0.49122807017543857;0.6436781609195402
p055_c2;27;7;27;0.7941176470588235;0.5;0.6136363636363636
p056_c1;4;1;57;0.8;0.06557377049180328;0.12121212121212123
p056_c2;44;2;7;0.9565217391304348;0.8627450980392157;0.9072164948453608
p057_c1;10;2;100;0.8333333333333334;0.09090909090909091;0.16393442622950818
p057_c2;27;1;71;0.9642857142857143;0.2755102040816326;0.4285714285714285
p057_c3;12;0;26;1.0;0.3157894736842105;0.4799999999999999
p058_c1;42;3;21;0.9333333333333333;0.6666666666666666;0.7777777777777778
p059_c1;12;1;57;0.9230769230769231;0.17391304347826086;0.2926829268292683
p060_c1;5;0;78;1.0;0.060240963855421686;0.11363636363636363
p060_c2;15;2;18;0.8823529411764706;0.45454545454545453;0.6
p060_c3;24;11;10;0.6857142857142857;0.7058823529411765;0.6956521739130436
p061_c1;22;0;16;1.0;0.5789473684210527;0.7333333333333334
p061_c2;19;0;13;1.0;0.59375;0.7450980392156863
p061_c3;27;0;57;1.0;0.32142857142857145;0.4864864864864865
p062_c1;41;0;28;1.0;0.5942028985507246;0.7454545454545455
p062_c2;14;2;27;0.875;0.34146341463414637;0.4912280701754386
p064_c1;17;3;7;0.85;0.7083333333333334;0.7727272727272727
p064_c2;22;2;15;0.9166666666666666;0.5945945945945946;0.7213114754098361
p065_c1;18;2;25;0.9;0.4186046511627907;0.5714285714285715
p065_c2;3;2;15;0.6;0.16666666666666666;0.2608695652173913
p066_c1;20;1;39;0.9523809523809523;0.3389830508474576;0.5
p066_c2;2;0;33;1.0;0.05714285714285714;0.1081081081081081
p066_c3;26;4;1;0.8666666666666667;0.9629629629629629;0.912280701754386
p067_c1;24;0;52;1.0;0.3157894736842105;0.4799999999999999
p067_c2;41;3;28;0.9318181818181818;0.5942028985507246;0.7256637168141593
p068_c1;40;6;15;0.8695652173913043;0.7272727272727273;0.792079207920792
p068_c2;8;0;3;1.0;0.7272727272727273;0.8421052631578948
p069_c1;12;3;11;0.8;0.5217391304347826;0.6315789473684211
p069_c2;4;2;19;0.6666666666666666;0.17391304347826086;0.27586206896551724
p069_c3;15;8;10;0.6521739130434783;0.6;0.6250000000000001
p069_c4;6;1;32;0.8571428571428571;0.15789473684210525;0.26666666666666666
p070_c1;4;1;36;0.8;0.1;0.1777777777777778
p070_c2;11;0;24;1.0;0.3142857142857143;0.4782608695652174
p070_c3;9;2;7;0.8181818181818182;0.5625;0.6666666666666666
p071_c1;26;5;28;0.8387096774193549;0.48148148148148145;0.6117647058823529
p071_c2;3;0;7;1.0;0.3;0.4615384615384615
p072_c1;45;0;30;1.0;0.6;0.7499999999999999
p074_c1;12;0;25;1.0;0.32432432432432434;0.489795918367347
p074_c2;0;0;23;0;0.0;0
p075_c1;40;6;19;0.8695652173913043;0.6779661016949152;0.7619047619047619
p077_c1;32;0;21;1.0;0.6037735849056604;0.7529411764705882
p077_c2;0;3;23;0.0;0.0;0
p077_c3;5;5;25;0.5;0.16666666666666666;0.25
p078_c1;49;3;19;0.9423076923076923;0.7205882352941176;0.8166666666666668
p078_c2;13;2;14;0.8666666666666667;0.48148148148148145;0.6190476190476191
p079_c1;36;1;13;0.972972972972973;0.7346938775510204;0.8372093023255813
p079_c2;7;1;9;0.875;0.4375;0.5833333333333334
p080_c1;45;0;41;1.0;0.5232558139534884;0.6870229007633588
p080_c2;9;0;4;1.0;0.6923076923076923;0.8181818181818181
p081_c1;8;1;73;0.8888888888888888;0.09876543209876543;0.17777777777777778
p082_c1;10;1;35;0.9090909090909091;0.2222222222222222;0.3571428571428571
p082_c2;1;1;35;0.5;0.027777777777777776;0.05263157894736842
p083_c1;20;1;94;0.9523809523809523;0.17543859649122806;0.29629629629629634
p083_c2;7;0;11;1.0;0.3888888888888889;0.56
p084_c1;39;1;13;0.975;0.75;0.8478260869565216
p084_c2;19;3;13;0.8636363636363636;0.59375;0.7037037037037037
p085_c1;12;2;34;0.8571428571428571;0.2608695652173913;0.4
p086_c1;23;5;61;0.8214285714285714;0.27380952380952384;0.4107142857142857
p087_c1;21;1;14;0.9545454545454546;0.6;0.7368421052631579
p087_c2;5;0;18;1.0;0.21739130434782608;0.3571428571428571
p088_c1;24;1;8;0.96;0.75;0.8421052631578947
p088_c2;24;3;10;0.8888888888888888;0.7058823529411765;0.7868852459016393
p089_c1;51;10;20;0.8360655737704918;0.7183098591549296;0.7727272727272727
p090_c1;2;0;44;1.0;0.043478260869565216;0.08333333333333333
p090_c2;7;0;27;1.0;0.20588235294117646;0.34146341463414637
p091_c1;29;3;20;0.90625;0.5918367346938775;0.7160493827160493
p092_c1;22;2;11;0.9166666666666666;0.6666666666666666;0.7719298245614035
p093_c1;7;1;39;0.875;0.15217391304347827;0.2592592592592593
p093_c2;12;0;9;1.0;0.5714285714285714;0.7272727272727273
p095_c1;4;1;42;0.8;0.08695652173913043;0.1568627450980392
p096_c1;25;12;27;0.6756756756756757;0.4807692307692308;0.5617977528089887
p098_c1;35;5;24;0.875;0.5932203389830508;0.707070707070707
p098_c2;12;0;10;1.0;0.5454545454545454;0.7058823529411764
p099_c1;55;8;24;0.873015873015873;0.6962025316455697;0.7746478873239436
p099_c2;20;2;19;0.9090909090909091;0.5128205128205128;0.6557377049180326
p100_c1;30;4;25;0.8823529411764706;0.5454545454545454;0.6741573033707865
p101_c1;19;1;45;0.95;0.296875;0.45238095238095244
p101_c2;0;0;35;0;0.0;0
p102_c1;8;1;51;0.8888888888888888;0.13559322033898305;0.2352941176470588
p102_c2;10;7;8;0.5882352941176471;0.5555555555555556;0.5714285714285715
p103_c1;15;3;26;0.8333333333333334;0.36585365853658536;0.5084745762711864
p103_c2;44;5;55;0.8979591836734694;0.4444444444444444;0.5945945945945946
p104_c1;33;1;44;0.9705882352941176;0.42857142857142855;0.5945945945945946
p105_c1;24;4;73;0.8571428571428571;0.24742268041237114;0.38399999999999995
p106_c1;40;2;25;0.9523809523809523;0.6153846153846154;0.7476635514018692
p107_c1;2;0;56;1.0;0.034482758620689655;0.06666666666666667
p107_c2;3;0;24;1.0;0.1111111111111111;0.19999999999999998
p108_c1;2;1;37;0.6666666666666666;0.05128205128205128;0.09523809523809523
p108_c2;11;1;28;0.9166666666666666;0.28205128205128205;0.4313725490196078
p109_c1;42;9;14;0.8235294117647058;0.75;0.7850467289719627
p109_c2;42;5;16;0.8936170212765957;0.7241379310344828;0.7999999999999999
p110_c1;19;17;67;0.5277777777777778;0.22093023255813954;0.3114754098360656
p111_c1;19;2;36;0.9047619047619048;0.34545454545454546;0.5
p111_c2;21;3;5;0.875;0.8076923076923077;0.8400000000000001
p111_c3;14;2;8;0.875;0.6363636363636364;0.7368421052631579
p113_c1;19;2;23;0.9047619047619048;0.4523809523809524;0.6031746031746031
p113_c2;30;3;7;0.9090909090909091;0.8108108108108109;0.8571428571428571
p114_c1;14;3;17;0.8235294117647058;0.45161290322580644;0.5833333333333333
p114_c2;20;4;7;0.8333333333333334;0.7407407407407407;0.7843137254901961
p115_c1;11;1;37;0.9166666666666666;0.22916666666666666;0.36666666666666664
p115_c2;1;0;39;1.0;0.025;0.04878048780487806
p115_c3;4;0;32;1.0;0.1111111111111111;0.19999999999999998
p116_c1;19;0;39;1.0;0.3275862068965517;0.49350649350649356
p116_c2;4;1;10;0.8;0.2857142857142857;0.4210526315789473
p116_c3;1;0;18;1.0;0.05263157894736842;0.1
p117_c1;13;1;8;0.9285714285714286;0.6190476190476191;0.742857142857143
p117_c2;13;2;7;0.8666666666666667;0.65;0.7428571428571429
p117_c3;13;0;9;1.0;0.5909090909090909;0.7428571428571429
p117_c4;0;1;19;0.0;0.0;0
p118_c1;30;4;24;0.8823529411764706;0.5555555555555556;0.6818181818181819
p118_c2;7;1;8;0.875;0.4666666666666667;0.608695652173913
p119_c1;24;1;26;0.96;0.48;0.64
p119_c2;19;2;21;0.9047619047619048;0.475;0.6229508196721311
p120_c1;20;2;12;0.9090909090909091;0.625;0.7407407407407406
p120_c2;49;4;22;0.9245283018867925;0.6901408450704225;0.7903225806451613
p121_c1;61;11;14;0.8472222222222222;0.8133333333333334;0.8299319727891157
p121_c2;0;0;40;0;0.0;0
p122_c1;32;3;21;0.9142857142857143;0.6037735849056604;0.7272727272727272
p122_c2;1;0;20;1.0;0.047619047619047616;0.0909090909090909
p123_c1;21;1;23;0.9545454545454546;0.4772727272727273;0.6363636363636365
p123_c2;24;2;9;0.9230769230769231;0.7272727272727273;0.8135593220338984
p125_c1;36;2;27;0.9473684210526315;0.5714285714285714;0.7128712871287128
p125_c2;27;7;35;0.7941176470588235;0.43548387096774194;0.5625
p129_c1;32;3;33;0.9142857142857143;0.49230769230769234;0.64
p129_c2;8;0;32;1.0;0.2;0.33333333333333337
p130_c1;52;5;17;0.9122807017543859;0.7536231884057971;0.8253968253968254
p131_c1;47;2;29;0.9591836734693877;0.618421052631579;0.752
p132_c1;6;0;47;1.0;0.11320754716981132;0.2033898305084746
p132_c2;40;4;12;0.9090909090909091;0.7692307692307693;0.8333333333333333
p133_c1;33;1;20;0.9705882352941176;0.6226415094339622;0.7586206896551724
p134_c1;7;1;9;0.875;0.4375;0.5833333333333334
p134_c2;3;3;20;0.5;0.13043478260869565;0.20689655172413793
p134_c3;0;1;31;0.0;0.0;0
p136_c1;12;7;101;0.631578947368421;0.10619469026548672;0.18181818181818182
p137_c1;28;2;29;0.9333333333333333;0.49122807017543857;0.6436781609195402
p137_c2;18;0;14;1.0;0.5625;0.72
p138_c1;23;1;23;0.9583333333333334;0.5;0.6571428571428571
p139_c1;9;6;23;0.6;0.28125;0.3829787234042553
p140_c1;2;2;38;0.5;0.05;0.09090909090909091
p142_c1;6;0;15;1.0;0.2857142857142857;0.4444444444444445
p142_c2;1;3;30;0.25;0.03225806451612903;0.05714285714285715
p143_c1;12;0;25;1.0;0.32432432432432434;0.489795918367347
p143_c2;16;2;2;0.8888888888888888;0.8888888888888888;0.8888888888888888
p144_c1;36;8;33;0.8181818181818182;0.5217391304347826;0.6371681415929203
p144_c2;8;1;4;0.8888888888888888;0.6666666666666666;0.761904761904762
p145_c1;17;13;15;0.5666666666666667;0.53125;0.5483870967741935
p146_c1;16;2;51;0.8888888888888888;0.23880597014925373;0.3764705882352941
p146_c2;12;0;5;1.0;0.7058823529411765;0.8275862068965517
p146_c3;28;4;6;0.875;0.8235294117647058;0.8484848484848485
p148_c1;12;2;25;0.8571428571428571;0.32432432432432434;0.4705882352941177
p148_c2;33;12;7;0.7333333333333333;0.825;0.776470588235294
p150_c1;8;2;42;0.8;0.16;0.26666666666666666
p150_c2;12;1;27;0.9230769230769231;0.3076923076923077;0.4615384615384615
p151_c1;1;2;40;0.3333333333333333;0.024390243902439025;0.04545454545454545
p151_c2;43;2;10;0.9555555555555556;0.8113207547169812;0.8775510204081634
p153_c1;48;4;20;0.9230769230769231;0.7058823529411765;0.8000000000000002
p154_c1;18;2;49;0.9;0.26865671641791045;0.41379310344827586
p157_c1;2;1;44;0.6666666666666666;0.043478260869565216;0.08163265306122448
p157_c2;20;10;27;0.6666666666666666;0.425531914893617;0.5194805194805194
p158_c1;25;10;37;0.7142857142857143;0.4032258064516129;0.5154639175257731
p158_c2;2;0;15;1.0;0.11764705882352941;0.21052631578947367
p159_c1;29;4;43;0.8787878787878788;0.4027777777777778;0.5523809523809524
p160_c1;19;3;26;0.8636363636363636;0.4222222222222222;0.5671641791044777
p160_c2;34;0;1;1.0;0.9714285714285714;0.9855072463768115
p161_c1;1;1;111;0.5;0.008928571428571428;0.017543859649122806
p161_c2;4;4;25;0.5;0.13793103448275862;0.2162162162162162
p162_c1;59;4;78;0.9365079365079365;0.4306569343065693;0.59
p164_c1;6;0;39;1.0;0.13333333333333333;0.23529411764705882
p165_c1;15;5;39;0.75;0.2777777777777778;0.4054054054054055
p165_c2;2;0;54;1.0;0.03571428571428571;0.0689655172413793
p166_c1;25;2;21;0.9259259259259259;0.5434782608695652;0.6849315068493151
p166_c2;2;2;24;0.5;0.07692307692307693;0.13333333333333336
p169_c1;9;0;34;1.0;0.20930232558139536;0.3461538461538462
p169_c2;15;0;22;1.0;0.40540540540540543;0.5769230769230769
p170_c1;8;2;28;0.8;0.2222222222222222;0.3478260869565218
p171_c1;42;25;19;0.6268656716417911;0.6885245901639344;0.6562500000000001
p171_c2;1;0;8;1.0;0.1111111111111111;0.19999999999999998
p172_c1;34;7;39;0.8292682926829268;0.4657534246575342;0.5964912280701754
p172_c2;19;3;10;0.8636363636363636;0.6551724137931034;0.7450980392156864
p173_c1;1;1;66;0.5;0.014925373134328358;0.02898550724637681
p173_c2;14;3;8;0.8235294117647058;0.6363636363636364;0.717948717948718
p174_c1;34;6;14;0.85;0.7083333333333334;0.7727272727272727
p174_c2;14;4;17;0.7777777777777778;0.45161290322580644;0.5714285714285714
p174_c3;15;1;10;0.9375;0.6;0.7317073170731707
p175_c1;39;2;14;0.9512195121951219;0.7358490566037735;0.8297872340425531
p175_c2;18;9;23;0.6666666666666666;0.43902439024390244;0.5294117647058824
p175_c3;9;2;11;0.8181818181818182;0.45;0.5806451612903226
p176_c1;4;0;40;1.0;0.09090909090909091;0.16666666666666669
p176_c2;19;0;2;1.0;0.9047619047619048;0.9500000000000001
p177_c1;20;4;11;0.8333333333333334;0.6451612903225806;0.7272727272727272
p177_c2;7;0;15;1.0;0.3181818181818182;0.4827586206896552
p178_c1;30;6;28;0.8333333333333334;0.5172413793103449;0.6382978723404256
p178_c2;11;1;9;0.9166666666666666;0.55;0.6874999999999999
p179_c1;6;0;36;1.0;0.14285714285714285;0.25
p179_c2;13;9;29;0.5909090909090909;0.30952380952380953;0.40625000000000006
p179_c3;2;1;23;0.6666666666666666;0.08;0.14285714285714285
p180_c1;46;2;49;0.9583333333333334;0.4842105263157895;0.6433566433566433
p180_c2;8;4;16;0.6666666666666666;0.3333333333333333;0.4444444444444444
p180_c3;30;4;19;0.8823529411764706;0.6122448979591837;0.7228915662650602
p181_c1;34;2;45;0.9444444444444444;0.43037974683544306;0.5913043478260869
p181_c2;1;1;39;0.5;0.025;0.047619047619047616
p181_c3;4;2;98;0.6666666666666666;0.0392156862745098;0.07407407407407407
p182_c1;13;0;14;1.0;0.48148148148148145;0.65
p182_c2;2;1;49;0.6666666666666666;0.0392156862745098;0.07407407407407407
p184_c1;39;3;37;0.9285714285714286;0.5131578947368421;0.6610169491525424
p184_c2;10;7;7;0.5882352941176471;0.5882352941176471;0.5882352941176471
p185_c1;26;6;20;0.8125;0.5652173913043478;0.6666666666666667
p185_c2;5;0;9;1.0;0.35714285714285715;0.5263157894736842
p186_c1;17;1;38;0.9444444444444444;0.3090909090909091;0.4657534246575342
p186_c2;2;0;18;1.0;0.1;0.18181818181818182
p187_c1;7;1;38;0.875;0.15555555555555556;0.26415094339622647
p187_c2;3;0;55;1.0;0.05172413793103448;0.09836065573770492
p187_c3;4;1;30;0.8;0.11764705882352941;0.20512820512820512
p188_c1;15;6;4;0.7142857142857143;0.7894736842105263;0.7500000000000001
p188_c2;8;8;51;0.5;0.13559322033898305;0.21333333333333335
p189_c1;14;2;24;0.875;0.3684210526315789;0.5185185185185185
p190_c1;43;4;24;0.9148936170212766;0.6417910447761194;0.7543859649122806
p190_c2;57;4;25;0.9344262295081968;0.6951219512195121;0.7972027972027972
p192_c1;38;1;29;0.9743589743589743;0.5671641791044776;0.7169811320754718
p192_c2;7;0;15;1.0;0.3181818181818182;0.4827586206896552
p194_c1;35;2;14;0.9459459459459459;0.7142857142857143;0.813953488372093
p194_c2;4;4;49;0.5;0.07547169811320754;0.13114754098360656
p194_c3;4;3;52;0.5714285714285714;0.07142857142857142;0.12698412698412698
p195_c1;7;1;42;0.875;0.14285714285714285;0.2456140350877193
p195_c2;5;7;24;0.4166666666666667;0.1724137931034483;0.2439024390243903
p195_c3;0;1;14;0.0;0.0;0
p198_c1;16;8;49;0.6666666666666666;0.24615384615384617;0.3595505617977528
p199_c1;20;4;98;0.8333333333333334;0.1694915254237288;0.2816901408450704
p201_c1;33;6;11;0.8461538461538461;0.75;0.7951807228915662
p202_c1;0;1;58;0.0;0.0;0
p204_c1;8;0;29;1.0;0.21621621621621623;0.35555555555555557
p204_c2;5;2;20;0.7142857142857143;0.2;0.3125
p204_c3;21;2;6;0.9130434782608695;0.7777777777777778;0.84
p205_c1;53;2;43;0.9636363636363636;0.5520833333333334;0.7019867549668874
p205_c2;25;0;37;1.0;0.4032258064516129;0.5747126436781609
p206_c1;13;2;17;0.8666666666666667;0.43333333333333335;0.5777777777777778
p207_c1;25;2;32;0.9259259259259259;0.43859649122807015;0.5952380952380952
p207_c2;16;1;9;0.9411764705882353;0.64;0.7619047619047621
p207_c3;10;1;18;0.9090909090909091;0.35714285714285715;0.5128205128205129
p208_c1;34;2;14;0.9444444444444444;0.7083333333333334;0.8095238095238096
p208_c2;12;0;14;1.0;0.46153846153846156;0.631578947368421
p209_c1;44;5;27;0.8979591836734694;0.6197183098591549;0.7333333333333333
p209_c2;7;0;45;1.0;0.1346153846153846;0.23728813559322035
p215_c1;16;2;17;0.8888888888888888;0.48484848484848486;0.6274509803921569
p215_c2;31;3;24;0.9117647058823529;0.5636363636363636;0.6966292134831461
p215_c3;17;1;19;0.9444444444444444;0.4722222222222222;0.6296296296296297
p217_c1;3;1;35;0.75;0.07894736842105263;0.14285714285714285
p217_c2;5;0;19;1.0;0.20833333333333334;0.3448275862068966
p217_c3;13;0;6;1.0;0.6842105263157895;0.8125000000000001
p218_c1;2;2;38;0.5;0.05;0.09090909090909091
p218_c2;4;1;23;0.8;0.14814814814814814;0.25
p218_c3;14;1;19;0.9333333333333333;0.42424242424242425;0.5833333333333333
p218_c4;6;1;9;0.8571428571428571;0.4;0.5454545454545455
p219_c1;28;1;17;0.9655172413793104;0.6222222222222222;0.7567567567567567
p219_c2;26;5;7;0.8387096774193549;0.7878787878787878;0.8125
p220_c1;19;4;35;0.8260869565217391;0.35185185185185186;0.49350649350649356
p220_c2;3;1;4;0.75;0.42857142857142855;0.5454545454545454
p221_c1;29;1;90;0.9666666666666667;0.24369747899159663;0.38926174496644295
p224_c1;39;6;21;0.8666666666666667;0.65;0.7428571428571429
p226_c1;35;5;24;0.875;0.5932203389830508;0.707070707070707
p226_c2;19;2;11;0.9047619047619048;0.6333333333333333;0.7450980392156863
p229_c1;53;3;5;0.9464285714285714;0.9137931034482759;0.9298245614035087
p229_c2;25;0;8;1.0;0.7575757575757576;0.8620689655172413
p230_c1;41;10;9;0.803921568627451;0.82;0.8118811881188118
p230_c2;4;0;40;1.0;0.09090909090909091;0.16666666666666669
p231_c1;2;0;96;1.0;0.02040816326530612;0.039999999999999994
p231_c2;16;2;20;0.8888888888888888;0.4444444444444444;0.5925925925925926
p232_c1;6;1;69;0.8571428571428571;0.08;0.14634146341463417
p233_c1;8;8;23;0.5;0.25806451612903225;0.3404255319148936
p234_c1;24;2;25;0.9230769230769231;0.4897959183673469;0.64
p234_c2;4;0;23;1.0;0.14814814814814814;0.25806451612903225
p235_c1;21;2;15;0.9130434782608695;0.5833333333333334;0.7118644067796611
p236_c1;20;3;20;0.8695652173913043;0.5;0.634920634920635
p236_c2;9;1;32;0.9;0.21951219512195122;0.3529411764705882
p237_c1;1;2;14;0.3333333333333333;0.06666666666666667;0.1111111111111111
p237_c2;4;1;26;0.8;0.13333333333333333;0.2285714285714286
p241_c1;52;2;31;0.9629629629629629;0.6265060240963856;0.7591240875912408
p241_c2;21;1;26;0.9545454545454546;0.44680851063829785;0.6086956521739131
p242_c1;16;5;23;0.7619047619047619;0.41025641025641024;0.5333333333333333
p242_c2;24;6;10;0.8;0.7058823529411765;0.7500000000000001
p244_c1;14;2;16;0.875;0.4666666666666667;0.608695652173913
p244_c2;29;4;16;0.8787878787878788;0.6444444444444445;0.7435897435897436
p245_c1;31;5;24;0.8611111111111112;0.5636363636363636;0.6813186813186813
p246_c1;32;1;45;0.9696969696969697;0.4155844155844156;0.5818181818181818
p247_c1;20;10;25;0.6666666666666666;0.4444444444444444;0.5333333333333333
p247_c2;5;0;9;1.0;0.35714285714285715;0.5263157894736842
p248_c1;18;8;10;0.6923076923076923;0.6428571428571429;0.6666666666666666
p251_c1;21;1;20;0.9545454545454546;0.5121951219512195;0.6666666666666667
p251_c2;3;11;19;0.21428571428571427;0.13636363636363635;0.16666666666666663
p252_c1;23;3;34;0.8846153846153846;0.40350877192982454;0.5542168674698795
p252_c2;10;3;7;0.7692307692307693;0.5882352941176471;0.6666666666666667
p253_c1;26;7;44;0.7878787878787878;0.37142857142857144;0.5048543689320388
p253_c2;22;3;30;0.88;0.4230769230769231;0.5714285714285714
p256_c1;49;9;27;0.8448275862068966;0.6447368421052632;0.7313432835820897
p257_c1;5;4;49;0.5555555555555556;0.09259259259259259;0.15873015873015875
p257_c2;11;1;17;0.9166666666666666;0.39285714285714285;0.55
p259_c1;31;1;20;0.96875;0.6078431372549019;0.7469879518072288
p260_c1;32;1;36;0.9696969696969697;0.47058823529411764;0.6336633663366337
p260_c2;8;0;36;1.0;0.18181818181818182;0.3076923076923077
p262_c1;23;6;18;0.7931034482758621;0.5609756097560976;0.6571428571428573
p262_c2;11;1;27;0.9166666666666666;0.2894736842105263;0.43999999999999995
p262_c3;1;1;23;0.5;0.041666666666666664;0.07692307692307693
p263_c1;0;1;38;0.0;0.0;0
p263_c2;27;2;11;0.9310344827586207;0.7105263157894737;0.8059701492537312
p264_c1;25;7;23;0.78125;0.5208333333333334;0.625
p264_c2;19;2;7;0.9047619047619048;0.7307692307692307;0.8085106382978723
p265_c1;0;0;38;0;0.0;0
p265_c2;0;1;30;0.0;0.0;0
p266_c1;15;4;56;0.7894736842105263;0.2112676056338028;0.33333333333333337
p266_c2;18;1;11;0.9473684210526315;0.6206896551724138;0.75
p267_c1;22;3;28;0.88;0.44;0.5866666666666667
p267_c2;22;2;18;0.9166666666666666;0.55;0.6874999999999999
p268_c1;31;3;6;0.9117647058823529;0.8378378378378378;0.8732394366197184
p268_c2;2;2;13;0.5;0.13333333333333333;0.2105263157894737
p269_c1;50;4;12;0.9259259259259259;0.8064516129032258;0.8620689655172414
p269_c2;34;1;17;0.9714285714285714;0.6666666666666666;0.7906976744186046
p270_c1;9;0;16;1.0;0.36;0.5294117647058824
p270_c2;5;0;26;1.0;0.16129032258064516;0.27777777777777773
p270_c3;2;0;17;1.0;0.10526315789473684;0.1904761904761905
p270_c4;38;0;34;1.0;0.5277777777777778;0.6909090909090909
p270_c5;4;2;54;0.6666666666666666;0.06896551724137931;0.125
p271_c1;26;5;11;0.8387096774193549;0.7027027027027027;0.7647058823529411
p271_c2;10;0;28;1.0;0.2631578947368421;0.4166666666666667
p271_c3;18;1;7;0.9473684210526315;0.72;0.8181818181818181
p272_c1;4;0;67;1.0;0.056338028169014086;0.10666666666666667
p272_c2;25;2;20;0.9259259259259259;0.5555555555555556;0.6944444444444444
p272_c3;10;2;27;0.8333333333333334;0.2702702702702703;0.4081632653061225
p273_c1;24;3;39;0.8888888888888888;0.38095238095238093;0.5333333333333333
p273_c2;12;1;6;0.9230769230769231;0.6666666666666666;0.7741935483870968
p274_c1;31;2;20;0.9393939393939394;0.6078431372549019;0.738095238095238
p274_c2;15;2;16;0.8823529411764706;0.4838709677419355;0.625
p275_c1;22;1;37;0.9565217391304348;0.3728813559322034;0.5365853658536585
p275_c2;0;1;8;0.0;0.0;0
p276_c1;43;10;14;0.8113207547169812;0.7543859649122807;0.7818181818181817
p276_c2;1;0;35;1.0;0.027777777777777776;0.05405405405405406
p277_c1;25;1;4;0.9615384615384616;0.8620689655172413;0.9090909090909091
p277_c2;0;1;15;0.0;0.0;0
p277_c3;4;1;31;0.8;0.11428571428571428;0.19999999999999998
p278_c1;21;1;35;0.9545454545454546;0.375;0.5384615384615384
p278_c2;45;5;27;0.9;0.625;0.7377049180327869
p278_c3;10;0;2;1.0;0.8333333333333334;0.9090909090909091
p279_c1;9;0;46;1.0;0.16363636363636364;0.28125
p279_c2;5;4;44;0.5555555555555556;0.10204081632653061;0.1724137931034483
p279_c3;0;1;25;0.0;0.0;0
p280_c1;0;0;53;0;0.0;0
p280_c2;1;0;14;1.0;0.06666666666666667;0.125
p281_c1;23;3;15;0.8846153846153846;0.6052631578947368;0.71875
p281_c2;29;2;20;0.9354838709677419;0.5918367346938775;0.7249999999999999
p281_c3;20;1;10;0.9523809523809523;0.6666666666666666;0.7843137254901961
p282_c1;5;3;53;0.625;0.08620689655172414;0.15151515151515152
p283_c1;13;0;65;1.0;0.16666666666666666;0.2857142857142857
p284_c1;2;0;56;1.0;0.034482758620689655;0.06666666666666667
p285_c1;12;2;61;0.8571428571428571;0.1643835616438356;0.2758620689655173
p285_c2;4;0;38;1.0;0.09523809523809523;0.17391304347826084
p289_c1;6;2;67;0.75;0.0821917808219178;0.14814814814814814
p289_c2;50;2;63;0.9615384615384616;0.4424778761061947;0.6060606060606062
p290_c1;9;2;78;0.8181818181818182;0.10344827586206896;0.18367346938775508
p290_c2;14;4;63;0.7777777777777778;0.18181818181818182;0.2947368421052632
p291_c1;43;1;65;0.9772727272727273;0.39814814814814814;0.5657894736842105
p291_c2;4;0;3;1.0;0.5714285714285714;0.7272727272727273
p292_c1;8;1;59;0.8888888888888888;0.11940298507462686;0.2105263157894737
p292_c2;4;1;17;0.8;0.19047619047619047;0.3076923076923077
p293_c1;31;0;64;1.0;0.3263157894736842;0.49206349206349204
p293_c2;16;1;26;0.9411764705882353;0.38095238095238093;0.5423728813559321
p297_c1;18;0;62;1.0;0.225;0.36734693877551017
p297_c2;3;2;20;0.6;0.13043478260869565;0.21428571428571427
p298_c1;25;5;24;0.8333333333333334;0.5102040816326531;0.6329113924050633
p298_c2;22;3;21;0.88;0.5116279069767442;0.6470588235294118
p309_c1;29;3;40;0.90625;0.42028985507246375;0.5742574257425742
p309_c2;21;2;39;0.9130434782608695;0.35;0.5060240963855421
p311_c1;18;3;20;0.8571428571428571;0.47368421052631576;0.6101694915254237
p311_c2;26;5;21;0.8387096774193549;0.5531914893617021;0.6666666666666666
p311_c3;18;6;10;0.75;0.6428571428571429;0.6923076923076924
p312_c1;48;1;42;0.9795918367346939;0.5333333333333333;0.6906474820143884
p312_c2;15;2;18;0.8823529411764706;0.45454545454545453;0.6
p315_c1;21;6;32;0.7777777777777778;0.39622641509433965;0.525
p315_c2;1;0;35;1.0;0.027777777777777776;0.05405405405405406
p318_c1;30;0;16;1.0;0.6521739130434783;0.7894736842105263
p320_c1;2;0;21;1.0;0.08695652173913043;0.16
p320_c2;8;4;7;0.6666666666666666;0.5333333333333333;0.5925925925925926
p322_c1;4;1;32;0.8;0.1111111111111111;0.19512195121951217
p322_c2;8;0;45;1.0;0.1509433962264151;0.26229508196721313
p322_c3;12;1;11;0.9230769230769231;0.5217391304347826;0.6666666666666667
p324_c1;43;7;12;0.86;0.7818181818181819;0.819047619047619
p324_c2;14;3;22;0.8235294117647058;0.3888888888888889;0.5283018867924528
p326_c1;26;2;28;0.9285714285714286;0.48148148148148145;0.6341463414634146
p326_c2;14;8;20;0.6363636363636364;0.4117647058823529;0.5
p329_c1;14;0;84;1.0;0.14285714285714285;0.25
p329_c2;1;0;54;1.0;0.01818181818181818;0.03571428571428572
p329_c3;13;1;20;0.9285714285714286;0.3939393939393939;0.5531914893617021
p331_c1;32;5;46;0.8648648648648649;0.41025641025641024;0.5565217391304348
p331_c2;10;9;14;0.5263157894736842;0.4166666666666667;0.46511627906976744
p332_c1;4;0;24;1.0;0.14285714285714285;0.25
p332_c2;25;7;31;0.78125;0.44642857142857145;0.5681818181818182
p332_c3;17;2;32;0.8947368421052632;0.3469387755102041;0.5
p334_c1;1;0;49;1.0;0.02;0.0392156862745098
p334_c2;18;4;46;0.8181818181818182;0.28125;0.41860465116279066
p336_c1;12;0;83;1.0;0.12631578947368421;0.22429906542056077
p336_c2;1;0;22;1.0;0.043478260869565216;0.08333333333333333
p337_c1;17;5;39;0.7727272727272727;0.30357142857142855;0.43589743589743585
p337_c2;7;1;16;0.875;0.30434782608695654;0.4516129032258065
p338_c1;25;1;16;0.9615384615384616;0.6097560975609756;0.7462686567164178
p338_c2;17;2;29;0.8947368421052632;0.3695652173913043;0.5230769230769231
p341_c1;27;6;49;0.8181818181818182;0.35526315789473684;0.4954128440366972
p343_c1;25;3;9;0.8928571428571429;0.7352941176470589;0.806451612903226
p343_c2;23;1;14;0.9583333333333334;0.6216216216216216;0.7540983606557377
p343_c3;23;0;45;1.0;0.3382352941176471;0.5054945054945055
p343_c4;44;1;4;0.9777777777777777;0.9166666666666666;0.946236559139785
p347_c1;0;0;96;0;0.0;0
p352_c1;1;0;34;1.0;0.02857142857142857;0.05555555555555556
p352_c2;1;1;11;0.5;0.08333333333333333;0.14285714285714285
p352_c3;10;2;18;0.8333333333333334;0.35714285714285715;0.5
p353_c1;41;9;46;0.82;0.47126436781609193;0.5985401459854015
p353_c2;5;0;54;1.0;0.0847457627118644;0.15625
p353_c3;6;0;23;1.0;0.20689655172413793;0.34285714285714286
p361_c1;7;2;10;0.7777777777777778;0.4117647058823529;0.5384615384615384
p361_c2;6;0;18;1.0;0.25;0.4
p361_c3;7;0;20;1.0;0.25925925925925924;0.4117647058823529
p361_c4;7;1;4;0.875;0.6363636363636364;0.7368421052631579
p368_c1;26;4;19;0.8666666666666667;0.5777777777777777;0.6933333333333332
p368_c2;31;4;13;0.8857142857142857;0.7045454545454546;0.7848101265822784
p368_c3;4;4;9;0.5;0.3076923076923077;0.380952380952381
p372_c1;24;2;38;0.9230769230769231;0.3870967741935484;0.5454545454545454
p372_c2;61;4;49;0.9384615384615385;0.5545454545454546;0.6971428571428573
p377_c1;80;4;46;0.9523809523809523;0.6349206349206349;0.7619047619047619
p384_c1;11;5;9;0.6875;0.55;0.6111111111111112
p384_c2;11;8;19;0.5789473684210527;0.36666666666666664;0.44897959183673464
p392_c1;4;0;53;1.0;0.07017543859649122;0.13114754098360656
p392_c2;0;0;36;0;0.0;0
p396_c1;48;2;7;0.96;0.8727272727272727;0.9142857142857144
p396_c2;30;4;4;0.8823529411764706;0.8823529411764706;0.8823529411764706
p396_c3;17;1;1;0.9444444444444444;0.9444444444444444;0.9444444444444444
p397_c1;56;9;21;0.8615384615384616;0.7272727272727273;0.7887323943661972
p397_c2;31;6;12;0.8378378378378378;0.7209302325581395;0.7749999999999999
p401_c1;74;10;68;0.8809523809523809;0.5211267605633803;0.6548672566371682
p401_c2;9;2;8;0.8181818181818182;0.5294117647058824;0.6428571428571428
p406_c1;41;2;18;0.9534883720930233;0.6949152542372882;0.803921568627451
p406_c2;15;7;30;0.6818181818181818;0.3333333333333333;0.4477611940298507
p410_c1;29;2;28;0.9354838709677419;0.5087719298245614;0.6590909090909092
p410_c2;46;2;23;0.9583333333333334;0.6666666666666666;0.7863247863247863
p411_c1;41;2;24;0.9534883720930233;0.6307692307692307;0.7592592592592593
p411_c2;71;7;69;0.9102564102564102;0.5071428571428571;0.6513761467889908
p413_c1;0;0;85;0;0.0;0
